,,,,,,,,,,,,,,,,,,,,,,,,,,,,,,,,,,,,,,,,,,,,,,,,,,,,,,,,,,,,,,,,,,,,,,,,,,,,,
,Name,TypeId,Regenerate Health,Regenerate Mana,Secondary Language,Secondary Locomotion,Secondary Vision arc,Speed Run,Speed Walk,Speed Sneak,Speed Crawl,Attack Distance,AI Class Stay,AI Class Lie,Attack Piercing,Attack Slashing,Attack Bludgeoning,Attack Termal,Attack Chemic,Attack Electric,Attack General,HL Head Type,Unk12-1,HL Head Weight,HL Head Vitality,HL Torso Type,Unk13-1,HL Torso Weight,HL Torso Vitality,HL Right Arm Type,Unk14-1,HL Right Arm Weight,HL Right Arm Vitality,HL Left Arm Type,Unk15-1,HL Left Arm Weight,HL Left Arm Vitality,HL Rigth Leg Type,Unk16-1,HL Rigth Leg Weight,HL Rigth Leg Vitality,HL Left Leg Type,Unk17-1,HL Left Leg Weight,HL Left Leg Vitality,Graphic data Mask Name,Graphic data Primary textures,Graphic data Secondary textures,Graphic data Model Shift,Sounds data SFX Path,Sounds data Steps,Animation Speed Attack,Animation Speed Cast,Animation Speed Hit,Animation Speed Death,Animation Speed Cross,Animation Speed Special,Sounds Probability Idle,Sounds Probability Attack,Defence Piercing,Defence Slashing,Defence Bludgeoning,Defence Termal,Defence Chemic,Defence Electric,Defence General,Graphics data Blood Type,Graphics data Cast Type,Graphics data Footprint Type,Graphics data Leg Segments,Graphics data Skin Type,Graphics data First Step Right,Graphics data Head Height,Unk47-0,Unk48-0,Unk49-0,Unk50-0
,FLD0-0,FLD1-0,FLD2-0,FLD3-0,FLD4-0,FLD5-0,FLD6-0,FLD7-0,FLD7-1,FLD7-2,FLD7-3,FLD8-0,FLD9-0,FLD10-0,FLD11-0,FLD11-1,FLD11-2,FLD11-3,FLD11-4,FLD11-5,FLD11-6,FLD12-0,FLD12-1,FLD12-2,FLD12-3,FLD13-0,FLD13-1,FLD13-2,FLD13-3,FLD14-0,FLD14-1,FLD14-2,FLD14-3,FLD15-0,FLD15-1,FLD15-2,FLD15-3,FLD16-0,FLD16-1,FLD16-2,FLD16-3,FLD17-0,FLD17-1,FLD17-2,FLD17-3,FLD30-0,FLD31-0,FLD32-0,FLD33-0,FLD34-0,FLD35-0,FLD36-0,FLD36-1,FLD36-2,FLD36-3,FLD36-4,FLD36-5,FLD37-0,FLD38-0,FLD39-0,FLD39-1,FLD39-2,FLD39-3,FLD39-4,FLD39-5,FLD39-6,FLD40-0,FLD41-0,FLD42-0,FLD43-0,FLD44-0,FLD45-0,FLD46-0,FLD47-0,FLD48-0,FLD49-0,FLD50-0
,Human Male,50.0,0.001,0.1,1.0,1.0,180.0,0.5,0.22,0.16,0.125067,0.4,3.0,1.0,0.0,0.0,1.0,0.0,0.0,0.0,0.0,skull,0.0,1.0,1.01,torso,4.0,3.0,1.01,arm,1943615592.0,1.0,0.34,arm,1943608137.0,1.0,0.34,leg,0.0,2.0,0.67,leg,0.0,2.0,0.67,unhuma,"Skin_00,Skin_01,Skin_02,Skin_03,Skin_04,Skin_05,Skin_06,Skin_07,Skin_08,Skin_09,Skin_10,Skin_11,Skin_12,Skin_13,Skin_14,Skin_15,Skin_16,Skin_17,Skin_18,Skin_19,Skin_20,Skin_21,Skin_22,Skin_23,Skin_24,Skin_25,Skin_26,Skin_27,Skin_28",W01,0.0,heroes\human\male,"steps\Human\Grass,steps\Human\Earth,steps\Human\Stone,steps\Human\Sand,steps\Human\Stone,steps\Human\Grass,steps\Human\Water,steps\Human\Earth,steps,steps\Human\Snow,steps\Human\Snow,steps\Human\Grass,steps\Human\Snow,steps\Human\Dirt,steps\Human\Dirt,steps\Human\Stone",1.0,1.0,1.0,1.0,1.0,1.0,100.0,40.0,1.0,1.0,1.0,1.0,1.0,1.0,1.0,1.0,1.0,0.0,3.0,Leather,0.0,1.0,56.0,156.0,32.0,16.0
,Human Female,50.0,0.001,0.1,1.0,1.0,180.0,0.5,0.22,0.16,0.115733,0.4,3.0,1.0,0.0,0.0,1.0,0.0,0.0,0.0,0.0,skull,0.0,1.0,1.01,torso,4.0,3.0,1.01,arm,1943615592.0,1.0,0.34,arm,1943608137.0,1.0,0.34,leg,0.0,2.0,0.67,leg,0.0,2.0,0.67,unhufe,"Skin_00,Skin_01,Skin_02,Skin_03,Skin_04,Skin_05,Skin_06,Skin_07,Skin_08,Skin_09,Skin_10,Skin_11,Skin_12,Skin_13,Skin_14,Skin_15,Skin_16,Skin_17",W01,0.0,heroes\human\female,"steps\Human\Grass,steps\Human\Earth,steps\Human\Stone,steps\Human\Sand,steps\Human\Stone,steps\Human\Grass,steps\Human\Water,steps\Human\Earth,steps,steps\Human\Snow,steps\Human\Snow,steps\Human\Grass,steps\Human\Snow,steps\Human\Dirt,steps\Human\Dirt,steps\Human\Stone",1.0,1.0,1.0,1.0,1.0,1.0,100.0,40.0,1.0,1.0,1.0,1.0,1.0,1.0,1.0,1.0,1.0,0.0,3.0,Leather,0.0,1.0,56.0,156.0,32.0,16.0
,Ancient Curse,51.0,0.0,0.1,0.0,2.0,180.0,0.533333,0.533333,0.133333,0.133333,0.4,0.0,0.0,0.0,0.0,0.0,0.0,0.0,1.0,0.0,skull,0.0,1.0,1.01,torso,4.0,3.0,1.01,arm,1943615592.0,1.0,0.34,arm,1943608137.0,1.0,0.34,leg,0.0,2.0,0.67,leg,0.0,2.0,0.67,unmocu,Curse00,,0.0,monsters\Curse,"steps\Dragon,steps\Dragon,steps\Dragon,steps\Dragon,steps\Dragon,steps\Dragon,steps\Dragon,steps\Dragon,steps,steps\Dragon,steps\Dragon,steps\Dragon,steps\Dragon,steps\Dragon,steps\Dragon,steps\Dragon",1.0,1.0,1.0,1.0,1.0,1.0,100.0,100.0,1.0,1.0,1.0,1.0,1.0,1.0,1.0,1.0,1.0,-1.0,0.0,Leather,0.0,1.0,56.0,156.0,32.0,16.0
,Banshee,51.0,0.0,0.3,0.0,2.0,180.0,0.281333,0.281333,0.1,0.066667,0.4,0.0,0.0,0.0,1.0,0.0,0.0,0.0,0.0,0.0,skull,0.0,1.0,1.01,torso,4.0,3.0,1.01,none,1943615592.0,0.0,0.34,none,1943608137.0,0.0,0.34,none,0.0,0.0,0.67,none,0.0,0.0,0.67,unmoba2,"Banshee00,Banshee01",,0.25,monsters\banshee00,"steps\Banshee,steps\Banshee,steps\Banshee,steps\Banshee,steps\Banshee,steps\Banshee,steps\Banshee,steps\Banshee,steps,steps\Banshee,steps\Banshee,steps\Banshee,steps\Banshee,steps\Banshee,steps\Banshee,steps\Banshee",1.0,1.0,1.0,1.0,1.0,1.0,100.0,100.0,1.0,1.0,1.0,3.0,1.0,1.0,1.0,0.0,0.0,-1.0,0.0,Leather,0.0,1.0,56.0,156.0,32.0,16.0
,Banshee Dgun,51.0,0.0,0.3,0.0,2.0,180.0,0.281333,0.281333,0.1,0.066667,0.4,0.0,0.0,0.0,0.0,0.0,0.0,0.0,1.0,0.0,skull,0.0,1.0,1.01,torso,4.0,3.0,1.01,none,1943615592.0,0.0,0.34,none,1943608137.0,0.0,0.34,none,0.0,0.0,0.67,none,0.0,0.0,0.67,unmoba1,"Banshee00,Banshee01",,0.25,monsters\banshee01,"steps\Banshee,steps\Banshee,steps\Banshee,steps\Banshee,steps\Banshee,steps\Banshee,steps\Banshee,steps\Banshee,steps,steps\Banshee,steps\Banshee,steps\Banshee,steps\Banshee,steps\Banshee,steps\Banshee,steps\Banshee",1.0,1.0,1.0,1.0,1.0,1.0,100.0,100.0,1.0,1.0,1.0,1.0,1.0,3.0,1.0,0.0,0.0,-1.0,0.0,Leather,0.0,1.0,56.0,156.0,32.0,16.0
,Bat,52.0,0.001,0.15,0.0,2.0,180.0,0.266667,0.266667,0.133333,0.133333,0.4,0.0,0.0,0.0,0.0,0.0,0.0,0.0,1.0,0.0,skull,0.0,0.0,1.01,torso,4.0,1.0,1.01,none,1943615592.0,0.0,0.34,none,1943608137.0,0.0,0.34,none,0.0,0.0,0.67,none,0.0,0.0,0.67,unanwiba,"Bat00,Bat01,Bat02",,-0.087,animals\Bat,"steps\Bat,steps\Bat,steps\Bat,steps\Bat,steps\Bat,steps\Bat,steps\Bat,steps\Bat,steps,steps\Bat,steps\Bat,steps\Bat,steps\Bat,steps\Bat,steps\Bat,steps\Bat",1.0,1.0,1.0,1.0,1.0,1.0,100.0,100.0,1.0,1.0,1.0,1.0,1.0,1.0,1.0,1.0,0.0,-1.0,0.0,Leather,0.0,1.0,56.0,156.0,32.0,16.0
,Bat_fire,52.0,0.001,0.15,0.0,2.0,180.0,0.266667,0.266667,0.133333,0.133333,0.4,0.0,0.0,0.0,0.0,0.0,1.0,0.0,0.0,0.0,skull,0.0,0.0,1.01,torso,4.0,1.0,1.01,none,1943615592.0,0.0,0.34,none,1943608137.0,0.0,0.34,none,0.0,0.0,0.67,none,0.0,0.0,0.67,unanwiba,"Bat00,Bat01,Bat02",,-0.087,animals\Bat,"steps\Bat,steps\Bat,steps\Bat,steps\Bat,steps\Bat,steps\Bat,steps\Bat,steps\Bat,steps,steps\Bat,steps\Bat,steps\Bat,steps\Bat,steps\Bat,steps\Bat,steps\Bat",1.0,1.0,1.0,1.0,1.0,1.0,100.0,100.0,1.0,1.0,1.0,1.0,1.0,1.0,1.0,1.0,0.0,-1.0,0.0,Leather,0.0,1.0,56.0,156.0,32.0,16.0
,Beholder,51.0,0.001,0.15,0.0,2.0,180.0,0.266667,0.058533,0.266667,0.133333,0.4,3.0,3.0,0.0,0.0,0.0,1.0,0.0,0.0,0.0,skull,0.0,0.0,1.01,torso,4.0,1.0,1.01,none,1943615592.0,0.0,0.34,none,1943608137.0,0.0,0.34,none,0.0,0.0,0.67,none,0.0,0.0,0.67,unmobe0,Beholder00,,0.0,monsters\Beholder00,"steps\Beholder00,steps\Beholder00,steps\Beholder00,steps\Beholder00,steps\Beholder00,steps\Beholder00,steps\Beholder00,steps\Beholder00,steps,steps\Beholder00,steps\Beholder00,steps\Beholder00,steps\Beholder00,steps\Beholder00,steps\Beholder00,steps\Beholder00",1.0,1.0,1.0,1.0,1.0,1.0,100.0,100.0,1.0,1.0,1.0,3.0,1.0,1.0,1.0,2.0,1.0,-1.0,0.0,Leather,0.0,1.0,56.0,156.0,32.0,16.0
,Beholder 2,51.0,0.001,0.15,0.0,2.0,180.0,0.266667,0.058533,0.266667,0.133333,0.4,3.0,3.0,0.0,0.0,0.0,1.0,0.0,0.0,0.0,skull,0.0,0.0,1.01,torso,4.0,1.0,1.01,none,1943615592.0,0.0,0.34,none,1943608137.0,0.0,0.34,none,0.0,0.0,0.67,none,0.0,0.0,0.67,unmobe1,"Beholder01,Beholder02",,0.0,monsters\Beholder01,"steps\Beholder01,steps\Beholder01,steps\Beholder01,steps\Beholder01,steps\Beholder01,steps\Beholder01,steps\Beholder01,steps\Beholder01,steps,steps\Beholder01,steps\Beholder01,steps\Beholder01,steps\Beholder01,steps\Beholder01,steps\Beholder01,steps\Beholder01",1.0,1.0,1.0,1.0,1.0,1.0,100.0,100.0,1.0,1.0,1.0,3.0,1.0,1.0,1.0,2.0,1.0,-1.0,0.0,Leather,0.0,1.0,56.0,156.0,32.0,16.0
,Boar,52.0,0.001,0.1,0.0,1.0,180.0,0.421067,0.073733,0.2,0.133333,0.7,1.0,1.0,1.0,0.0,0.0,0.0,0.0,0.0,0.0,skull,0.0,1.0,1.01,torso,4.0,3.0,1.01,leg,1943615592.0,1.0,0.51,leg,1943608137.0,1.0,0.51,leg,0.0,2.0,0.51,leg,0.0,2.0,0.51,unanwibo,"Boar00,Boar01",,-0.312,animals\boar,"steps\Animals\Grass,steps\Animals\Earth,steps\Animals\Stone,steps\Animals\Sand,steps\Animals\Stone,steps\Animals\Grass,steps\Animals\Water,steps\Animals\Earth,steps,steps\Animals\Snow,steps\Animals\Snow,steps\Animals\Grass,steps\Animals\Snow,steps\Human\Dirt,steps\Animals\Dirt,steps\Animals\Stone",1.0,1.0,1.0,1.0,1.0,1.0,20.0,100.0,1.0,1.0,1.0,1.0,1.0,1.0,1.0,1.0,1.0,18.0,4.0,Leather,0.0,1.0,56.0,156.0,32.0,16.0
,Cow,52.0,0.001,0.1,0.0,1.0,180.0,0.061467,0.061467,0.2,0.133333,0.4,5.0,5.0,0.0,0.0,1.0,0.0,0.0,0.0,0.0,skull,0.0,1.0,1.01,torso,4.0,3.0,1.01,leg,1943615592.0,1.0,0.51,leg,1943608137.0,1.0,0.51,leg,0.0,2.0,0.51,leg,0.0,2.0,0.51,unanhoco,Cow00,,-0.672,animals\cow,"steps\Horse\Grass,steps\Horse\Grass,steps\Horse\Stone,steps\Horse\Sand,steps\Horse\Stone,steps\Horse\Grass,steps\Human\Water,steps\Horse\Grass,steps,steps\Horse\Snow,steps\Horse\Snow,steps\Horse\Grass,steps\Human\Snow,steps\Human\Dirt,steps\Human\Dirt,steps\Horse\Stone",1.0,1.0,1.0,1.0,1.0,1.0,30.0,100.0,1.0,1.0,1.0,1.0,1.0,1.0,1.0,1.0,1.0,19.0,4.0,Leather,0.0,1.0,56.0,156.0,32.0,16.0
,Cyclope,51.0,0.01,0.1,0.0,1.0,180.0,0.4,0.3236,0.266667,0.133333,0.4,7.0,7.0,0.0,0.0,1.0,0.0,0.0,0.0,0.0,skull,0.0,1.0,1.01,torso,4.0,3.0,1.01,arm,1943615592.0,1.0,0.34,arm,1943608137.0,1.0,0.34,leg,0.0,2.0,0.67,leg,0.0,2.0,0.67,unmocy,Cyclop00,,0.7,monsters\Cyclope,"steps\Monster,steps\Monster,steps\Monster,steps\Monster,steps\Monster,steps\Monster,steps\Monster,steps\Monster,steps,steps\Monster,steps\Monster,steps\Monster,steps\Monster,steps\Monster,steps\Monster,steps\Monster",1.0,1.0,1.0,1.0,1.0,1.0,100.0,100.0,1.0,1.0,1.0,2.0,1.0,2.0,1.0,1.0,1.0,2.0,4.0,Leather,0.0,1.0,56.0,156.0,32.0,16.0
,Deer,52.0,0.001,0.1,0.0,1.0,180.0,0.554,0.091867,0.266667,0.133333,0.4,1.0,1.0,1.0,0.0,0.0,0.0,0.0,0.0,0.0,skull,0.0,1.0,1.01,torso,4.0,3.0,1.01,leg,1943615592.0,1.0,0.51,leg,1943608137.0,1.0,0.51,leg,0.0,2.0,0.51,leg,0.0,2.0,0.51,unanwide,"Deer00,Deer01",,-0.456,animals\Deer,"steps\Horse\Grass,steps\Horse\Grass,steps\Horse\Stone,steps\Horse\Sand,steps\Horse\Stone,steps\Horse\Grass,steps\Human\Water,steps\Horse\Grass,steps,steps\Horse\Snow,steps\Horse\Snow,steps\Horse\Grass,steps\Human\Snow,steps\Human\Dirt,steps\Human\Dirt,steps\Horse\Stone",1.0,1.0,1.0,1.0,1.0,1.0,20.0,100.0,1.0,1.0,1.0,1.0,1.0,1.0,1.0,1.0,1.0,24.0,4.0,Leather,0.0,1.0,56.0,156.0,32.0,16.0
,Dog,52.0,0.001,0.1,0.0,1.0,180.0,0.671067,0.114933,0.266667,0.133333,0.4,1.0,1.0,1.0,0.0,0.0,0.0,0.0,0.0,0.0,skull,0.0,1.0,1.01,torso,4.0,3.0,1.01,leg,1943615592.0,1.0,0.51,leg,1943608137.0,1.0,0.51,leg,0.0,2.0,0.51,leg,0.0,2.0,0.51,unanhodo,"Dog00,Dog01",,-0.293,animals\dog,"steps\Animals\Grass,steps\Animals\Earth,steps\Animals\Stone,steps\Animals\Sand,steps\Animals\Stone,steps\Animals\Grass,steps\Animals\Water,steps\Animals\Earth,steps,steps\Animals\Snow,steps\Animals\Snow,steps\Animals\Grass,steps\Animals\Snow,steps\Human\Dirt,steps\Animals\Dirt,steps\Animals\Stone",1.0,1.0,1.0,1.0,1.0,1.0,5.0,100.0,1.0,1.0,1.0,1.0,1.0,1.0,1.0,1.0,1.0,25.0,4.0,Leather,0.0,0.5,56.0,156.0,32.0,16.0
,Dragon,51.0,0.02,0.15,0.0,2.0,180.0,1.76067,1.76067,0.133333,0.133333,0.4,0.0,0.0,0.0,1.0,0.0,0.0,0.0,0.0,0.0,skull,0.0,0.0,1.01,torso,4.0,1.0,1.01,none,1943615592.0,0.0,0.34,none,1943608137.0,0.0,0.34,none,0.0,0.0,0.67,none,0.0,0.0,0.67,unmodg,"Dragon00,Dragon01,Dragon02",,0.0,monsters\dragon,"steps\Dragon,steps\Dragon,steps\Dragon,steps\Dragon,steps\Dragon,steps\Dragon,steps\Dragon,steps\Dragon,steps,steps\Dragon,steps\Dragon,steps\Dragon,steps\Dragon,steps\Dragon,steps\Dragon,steps\Dragon",1.0,1.0,1.0,1.0,1.0,1.0,100.0,100.0,1.0,1.0,1.0,1.0,1.0,1.0,1.0,5.0,0.0,-1.0,0.0,Leather,0.0,1.0,56.0,156.0,32.0,16.0
,Driad,51.0,0.001,0.2,3.0,1.0,180.0,0.340667,0.056533,0.2,0.133333,0.4,1.0,1.0,1.0,0.0,0.0,0.0,0.0,0.0,0.0,skull,0.0,1.0,1.01,torso,4.0,3.0,1.01,arm,1943615592.0,1.0,0.34,arm,1943608137.0,1.0,0.34,leg,0.0,2.0,0.67,leg,0.0,2.0,0.67,unmodr,"Driad00,Driad00L,Driad01,Driad01L,Driad02,Driad02L",,0.0,monsters\driad,"steps\Animals\Grass,steps\Animals\Earth,steps\Animals\Stone,steps\Animals\Sand,steps\Animals\Stone,steps\Animals\Grass,steps\Animals\Water,steps\Animals\Earth,steps,steps\Animals\Snow,steps\Animals\Snow,steps\Animals\Grass,steps\Animals\Snow,steps\Human\Dirt,steps\Animals\Dirt,steps\Animals\Stone",1.0,1.0,1.0,1.0,1.0,1.0,100.0,100.0,1.0,1.0,1.0,1.0,1.0,1.0,1.0,1.0,1.0,1.0,3.0,Leather,0.0,1.0,120.0,64.0,40.0,24.0
,Elemental Earth,51.0,0.001,0.1,0.0,1.0,180.0,0.266667,0.107733,0.266667,0.133333,0.4,6.0,5.0,0.0,0.0,1.0,0.0,0.0,0.0,0.0,skull,0.0,1.0,1.01,torso,4.0,3.0,1.01,arm,1943615592.0,1.0,0.34,arm,1943608137.0,1.0,0.34,leg,0.0,2.0,0.67,leg,0.0,2.0,0.67,unmoel0,Earth00,,0.0,monsters\Elemental,"steps\Elemental,steps\Elemental,steps\Elemental,steps\Elemental,steps\Elemental,steps\Elemental,steps\Elemental,steps\Elemental,steps,steps\Elemental,steps\Elemental,steps\Elemental,steps\Elemental,steps\Elemental,steps\Elemental,steps\Elemental",1.0,1.0,1.0,1.0,1.0,1.0,100.0,100.0,1.0,1.0,1.0,1.0,1.0,1.0,1.0,8.0,1.0,6.0,2.0,Stone,1.0,1.0,56.0,156.0,32.0,16.0
,Elemental Ice,51.0,0.001,0.1,0.0,1.0,180.0,0.266667,0.107733,0.266667,0.133333,0.4,6.0,5.0,0.0,0.0,1.0,0.0,0.0,0.0,0.0,skull,0.0,1.0,1.01,torso,4.0,3.0,1.01,arm,1943615592.0,1.0,0.34,arm,1943608137.0,1.0,0.34,leg,0.0,2.0,0.67,leg,0.0,2.0,0.67,unmoel2,Earth01,,0.0,monsters\Elemental,"steps\Elemental,steps\Elemental,steps\Elemental,steps\Elemental,steps\Elemental,steps\Elemental,steps\Elemental,steps\Elemental,steps,steps\Elemental,steps\Elemental,steps\Elemental,steps\Elemental,steps\Elemental,steps\Elemental,steps\Elemental",1.0,1.0,1.0,1.0,1.0,1.0,100.0,100.0,1.0,1.0,1.0,1.0,1.0,1.0,1.0,7.0,1.0,6.0,2.0,Stone,1.0,1.0,56.0,156.0,32.0,16.0
,Elemental Lava,51.0,0.001,0.1,0.0,1.0,180.0,0.266667,0.107733,0.266667,0.133333,0.4,6.0,5.0,0.0,0.0,0.0,1.0,0.0,0.0,0.0,skull,0.0,1.0,1.01,torso,4.0,3.0,1.01,arm,1943615592.0,1.0,0.34,arm,1943608137.0,1.0,0.34,leg,0.0,2.0,0.67,leg,0.0,2.0,0.67,unmoel1,Earth02,,0.0,monsters\Elemental,"steps\Elemental,steps\Elemental,steps\Elemental,steps\Elemental,steps\Elemental,steps\Elemental,steps\Elemental,steps\Elemental,steps,steps\Elemental,steps\Elemental,steps\Elemental,steps\Elemental,steps\Elemental,steps\Elemental,steps\Elemental",1.0,1.0,1.0,1.0,1.0,1.0,100.0,100.0,1.0,1.0,1.0,1.0,1.2,1.0,1.0,5.0,1.0,6.0,2.0,Stone,1.0,1.0,56.0,156.0,32.0,16.0
,Fungus,51.0,0.001,0.1,0.0,3.0,180.0,0.533333,0.4,0.266667,0.133333,0.4,3.0,3.0,0.0,0.0,0.0,0.0,1.0,0.0,0.0,skull,0.0,1.0,1.01,torso,4.0,3.0,1.01,none,1943615592.0,0.0,0.34,none,1943608137.0,0.0,0.34,none,0.0,0.0,0.67,none,0.0,0.0,0.67,unmomu1,Mushroom01_1,,0.0,monsters\Fungus00,"steps,steps,steps,steps,steps,steps,steps,steps,steps,steps,steps,steps,steps,steps,steps,steps",1.0,1.0,1.0,1.0,1.0,1.0,100.0,100.0,1.0,1.0,1.0,1.0,1.0,1.0,1.0,0.0,1.0,-1.0,0.0,Leather,0.0,1.0,56.0,156.0,32.0,16.0
,Fungus 2,51.0,0.001,0.1,0.0,3.0,180.0,0.533333,0.4,0.266667,0.133333,0.4,3.0,3.0,0.0,0.0,0.0,0.0,1.0,0.0,0.0,skull,0.0,1.0,1.01,torso,4.0,3.0,1.01,none,1943615592.0,0.0,0.34,none,1943608137.0,0.0,0.34,none,0.0,0.0,0.67,none,0.0,0.0,0.67,unmomu2,Mushroom02_1,,0.0,monsters\Fungus01,"steps,steps,steps,steps,steps,steps,steps,steps,steps,steps,steps,steps,steps,steps,steps,steps",1.0,1.0,1.0,1.0,1.0,1.0,100.0,100.0,1.0,1.0,1.0,1.0,1.0,1.0,1.0,0.0,1.0,-1.0,0.0,Leather,0.0,1.0,56.0,156.0,32.0,16.0
,Goblin,51.0,0.001,0.05,2.0,1.0,180.0,0.545733,0.252267,0.266667,0.2,0.4,2.0,1.0,0.0,1.0,0.0,0.0,0.0,0.0,0.0,skull,0.0,1.0,1.01,torso,4.0,3.0,1.01,arm,1943615592.0,1.0,0.34,arm,1943608137.0,1.0,0.34,leg,0.0,2.0,0.67,leg,0.0,2.0,0.67,unmogo,"Goblin00L,Goblin00",GoblinAxeBag00,0.0,monsters\goblin,"steps\Animals\Grass,steps\Animals\Earth,steps\Animals\Stone,steps\Animals\Sand,steps\Animals\Stone,steps\Animals\Grass,steps\Animals\Water,steps\Animals\Earth,steps,steps\Animals\Snow,steps\Animals\Snow,steps\Animals\Grass,steps\Animals\Snow,steps\Human\Dirt,steps\Animals\Dirt,steps\Animals\Stone",1.0,1.0,1.0,1.0,1.0,1.0,100.0,100.0,1.0,1.0,1.0,1.0,1.0,1.0,1.0,1.0,1.0,7.0,4.0,Leather,0.0,1.0,24.0,152.0,48.0,24.0
,Goblin_Sling,51.0,0.001,0.05,2.0,1.0,180.0,0.545733,0.252267,0.266667,0.2,0.4,2.0,1.0,0.0,0.0,1.0,0.0,0.0,0.0,0.0,skull,0.0,1.0,1.01,torso,4.0,3.0,1.01,arm,1943615592.0,1.0,0.34,arm,1943608137.0,1.0,0.34,leg,0.0,2.0,0.67,leg,0.0,2.0,0.67,unmogo,"Goblin00L,Goblin00",GoblinSlingBag00,0.0,monsters\goblin,"steps\Animals\Grass,steps\Animals\Earth,steps\Animals\Stone,steps\Animals\Sand,steps\Animals\Stone,steps\Animals\Grass,steps\Animals\Water,steps\Animals\Earth,steps,steps\Animals\Snow,steps\Animals\Snow,steps\Animals\Grass,steps\Animals\Snow,steps\Animals\Stone,steps\Animals\Dirt,steps\Animals\Stone",1.0,1.0,1.0,1.0,1.0,1.0,100.0,100.0,1.0,1.0,1.0,1.0,1.0,1.0,1.0,1.0,1.0,7.0,4.0,Leather,0.0,1.0,56.0,156.0,32.0,16.0
,Golem,51.0,0.0,0.1,0.0,1.0,180.0,0.533333,0.154933,0.266667,0.133333,0.4,6.0,6.0,0.0,1.0,0.0,0.0,0.0,0.0,0.0,skull,0.0,1.0,1.01,torso,4.0,3.0,1.01,arm,1943615592.0,1.0,0.34,arm,1943608137.0,1.0,0.34,leg,0.0,2.0,0.67,leg,0.0,2.0,0.67,unmogo1,Golem00,,0.0,monsters\Golem00,"steps\Golem00,steps\Golem00,steps\Golem00,steps\Golem00,steps\Golem00,steps\Golem00,steps\Golem00,steps\Golem00,steps,steps\Golem00,steps\Golem00,steps\Golem00,steps\Golem00,steps\Golem00,steps\Golem00,steps\Golem00",1.0,1.0,1.0,1.0,1.0,1.0,100.0,100.0,1.0,1.0,1.0,1.0,1.0,1.0,1.0,8.0,1.0,5.0,3.0,Stone,0.0,1.0,56.0,156.0,32.0,16.0
,Golem 2,51.0,0.0,0.1,0.0,1.0,60.0,0.533333,0.154933,0.266667,0.133333,0.4,6.0,6.0,0.0,1.0,0.0,0.0,0.0,0.0,0.0,skull,0.0,1.0,1.01,torso,4.0,3.0,1.01,arm,1943615592.0,1.0,0.34,arm,1943608137.0,1.0,0.34,leg,0.0,2.0,0.67,leg,0.0,2.0,0.67,unmogo2,Golem01,,0.0,monsters\Golem01,"steps\Golem01,steps\Golem01,steps\Golem01,steps\Golem01,steps\Golem01,steps\Golem01,steps\Golem01,steps\Golem01,steps,steps\Golem01,steps\Golem01,steps\Golem01,steps\Golem01,steps\Golem01,steps\Golem01,steps\Golem01",1.0,1.0,1.0,1.0,1.0,1.0,100.0,100.0,1.0,1.0,1.0,1.0,1.0,1.0,1.0,8.0,1.0,5.0,3.0,Stone,0.0,1.0,56.0,156.0,32.0,16.0
,Hare,52.0,0.001,0.1,0.0,1.0,180.0,0.371067,0.371067,0.266667,0.133333,0.4,1.0,1.0,1.0,0.0,0.0,0.0,0.0,0.0,0.0,skull,0.0,1.0,1.01,torso,4.0,3.0,1.01,leg,1943615592.0,1.0,0.51,leg,1943608137.0,1.0,0.51,leg,0.0,2.0,0.51,leg,0.0,2.0,0.51,unanhoha,"Hare00,Hare01",,-0.169,animals\Hare,"steps,steps,steps,steps,steps,steps,steps,steps,steps,steps,steps,steps,steps,steps,steps,steps",1.0,1.0,1.0,1.0,1.0,1.0,100.0,100.0,1.0,1.0,1.0,1.0,1.0,1.0,1.0,1.0,1.0,22.0,4.0,Leather,0.0,0.5,56.0,156.0,32.0,16.0
,Horse,52.0,0.001,0.1,0.0,1.0,180.0,0.6168,0.149867,0.266667,0.133333,0.4,1.0,1.0,0.0,0.0,1.0,0.0,0.0,0.0,0.0,skull,0.0,1.0,1.01,torso,4.0,3.0,1.01,leg,1943615592.0,1.0,0.51,leg,1943608137.0,1.0,0.51,leg,0.0,2.0,0.51,leg,0.0,2.0,0.51,unanhoho,"Horse00,Horse01",,-0.573,animals\Horse,"steps\Horse\Grass,steps\Horse\Grass,steps\Horse\Stone,steps\Horse\Sand,steps\Horse\Stone,steps\Horse\Grass,steps\Human\Water,steps\Horse\Grass,steps,steps\Horse\Snow,steps\Horse\Snow,steps\Horse\Grass,steps\Human\Snow,steps\Human\Dirt,steps\Human\Dirt,steps\Horse\Stone",1.0,1.0,1.0,1.0,1.0,1.0,20.0,100.0,1.0,1.0,1.0,1.0,1.0,1.0,1.0,1.0,1.0,13.0,4.0,Leather,0.0,1.0,56.0,156.0,32.0,16.0
,Hyena,52.0,0.001,0.1,0.0,1.0,180.0,0.360133,0.113733,0.266667,0.133333,0.4,1.0,1.0,1.0,0.0,0.0,0.0,0.0,0.0,0.0,skull,0.0,1.0,1.01,torso,4.0,3.0,1.01,leg,1943615592.0,1.0,0.51,leg,1943608137.0,1.0,0.51,leg,0.0,2.0,0.51,leg,0.0,2.0,0.51,unanwihy,Hyena00,,-0.335,animals\Hyena,"steps\Animals\Grass,steps\Animals\Earth,steps\Animals\Stone,steps\Animals\Sand,steps\Animals\Stone,steps\Animals\Grass,steps\Animals\Water,steps\Animals\Earth,steps,steps\Animals\Snow,steps\Animals\Snow,steps\Animals\Grass,steps\Animals\Snow,steps\Human\Dirt,steps\Animals\Dirt,steps\Animals\Stone",1.0,1.0,1.0,1.0,1.0,1.0,5.0,100.0,1.0,1.0,1.0,1.0,1.0,1.0,1.0,1.0,1.0,17.0,4.0,Leather,0.0,0.5,56.0,156.0,32.0,16.0
,Lizardman,51.0,0.001,0.1,0.0,1.0,180.0,0.548667,0.160133,0.266667,0.133333,0.4,5.0,5.0,1.0,0.0,0.0,0.0,0.0,0.0,0.0,skull,0.0,1.0,1.01,torso,4.0,3.0,1.01,arm,1943615592.0,1.0,0.34,arm,1943608137.0,1.0,0.34,leg,0.0,2.0,0.67,leg,0.0,2.0,0.67,unmoli,"LizardMan00,LizardMan01,LizardMan02",,0.0,monsters\Lisardman,"steps\Animals\Grass,steps\Animals\Earth,steps\Animals\Stone,steps\Animals\Sand,steps\Animals\Stone,steps\Animals\Grass,steps\Animals\Water,steps\Animals\Earth,steps,steps\Animals\Snow,steps\Animals\Snow,steps\Animals\Grass,steps\Animals\Snow,steps\Animals\Stone,steps\Animals\Dirt,steps\Animals\Stone",1.0,1.0,1.0,1.0,1.0,1.0,100.0,100.0,1.0,1.0,1.2,1.0,1.0,1.0,1.0,1.0,1.0,10.0,3.0,Leather,0.0,1.0,120.0,216.0,56.0,32.0
,Octopus,51.0,0.001,0.1,4.0,1.0,180.0,0.3336,0.133333,0.133333,0.133333,0.4,0.0,0.0,0.0,0.0,0.0,0.0,0.0,1.0,0.0,skull,0.0,1.0,1.01,torso,4.0,3.0,1.01,arm,1943615592.0,1.0,0.34,arm,1943608137.0,1.0,0.34,leg,0.0,2.0,0.67,leg,0.0,2.0,0.67,unmomi,MindFlayer00,,0.0,monsters\Mindflyer,"steps\Default,steps\Default,steps\Default,steps\Default,steps\Default,steps\Default,steps\Default,steps\Default,steps,steps\Default,steps\Default,steps\Default,steps\Default,steps\Default,steps\Default,steps\Default",1.0,1.0,1.0,1.0,1.0,1.0,20.0,100.0,1.0,1.0,1.0,2.0,1.0,3.0,1.0,3.0,1.0,-1.0,0.0,Leather,0.0,1.0,56.0,156.0,32.0,16.0
,Ogre,51.0,0.01,0.05,2.0,1.0,180.0,1.12067,0.239467,0.266667,0.2,0.4,6.0,6.0,0.0,0.0,1.0,0.0,0.0,0.0,0.0,skull,0.0,1.0,1.01,torso,4.0,3.0,1.01,arm,1943615592.0,1.0,0.34,arm,1943608137.0,1.0,0.34,leg,0.0,2.0,0.67,leg,0.0,2.0,0.67,unmoog1,"Ogre00,Ogre01",,0.0,monsters\ogre,"steps\Monster,steps\Monster,steps\Monster,steps\Monster,steps\Monster,steps\Monster,steps\Monster,steps\Monster,steps,steps\Monster,steps\Monster,steps\Monster,steps\Monster,steps\Monster,steps\Monster,steps\Monster",1.0,1.0,1.0,1.0,1.0,1.0,15.0,100.0,2.0,1.0,1.2,1.0,1.0,1.0,1.0,1.0,1.0,9.0,3.0,Leather,0.0,1.0,56.0,156.0,32.0,16.0
,Orc Female,50.0,0.001,0.05,2.0,1.0,180.0,0.5676,0.150133,0.088933,0.112933,0.4,3.0,1.0,0.0,1.0,0.0,0.0,0.0,0.0,0.0,skull,0.0,1.0,1.01,torso,4.0,3.0,1.01,arm,1943615592.0,1.0,0.34,arm,1943608137.0,1.0,0.34,leg,0.0,2.0,0.67,leg,0.0,2.0,0.67,unorfe,"Skin_00,Skin_01,Skin_02,Skin_03",AxeShield,0.0,heroes\orc\female,"steps\Human\Grass,steps\Human\Earth,steps\Human\Stone,steps\Human\Sand,steps\Human\Stone,steps\Human\Grass,steps\Human\Water,steps\Human\Earth,steps,steps\Human\Snow,steps\Human\Snow,steps\Human\Grass,steps\Human\Snow,steps\Human\Dirt,steps\Human\Dirt,steps\Human\Stone",1.0,1.0,1.0,1.0,1.0,1.0,100.0,100.0,1.0,1.0,1.0,1.0,1.0,1.0,1.0,1.0,1.0,15.0,3.0,Leather,0.0,1.0,56.0,156.0,32.0,16.0
,Orc Male,50.0,0.001,0.05,2.0,1.0,180.0,0.662267,0.1504,0.161867,0.125067,0.4,3.0,1.0,0.0,1.0,0.0,0.0,0.0,0.0,0.0,skull,0.0,1.0,1.01,torso,4.0,3.0,1.01,arm,1943615592.0,1.0,0.34,arm,1943608137.0,1.0,0.34,leg,0.0,2.0,0.67,leg,0.0,2.0,0.67,unorma,"Skin_00,Skin_01,Skin_02",AxeShield,0.0,heroes\orc\male,"steps\Human\Grass,steps\Human\Earth,steps\Human\Stone,steps\Human\Sand,steps\Human\Stone,steps\Human\Grass,steps\Human\Water,steps\Human\Earth,steps,steps\Human\Snow,steps\Human\Snow,steps\Human\Grass,steps\Human\Snow,steps\Human\Dirt,steps\Human\Dirt,steps\Human\Stone",1.0,1.0,1.0,1.0,1.0,1.0,100.0,100.0,1.0,1.0,1.0,1.0,1.0,1.0,1.0,1.0,1.0,15.0,3.0,Leather,0.0,1.0,16.0,144.0,40.0,24.0
,Pig,52.0,0.001,0.1,0.0,1.0,180.0,0.266667,0.086533,0.266667,0.133333,0.4,1.0,1.0,0.0,0.0,1.0,0.0,0.0,0.0,0.0,skull,0.0,1.0,1.01,torso,4.0,3.0,1.01,leg,1943615592.0,1.0,0.51,leg,1943608137.0,1.0,0.51,leg,0.0,2.0,0.51,leg,0.0,2.0,0.51,unanhopi,Pig00,,-0.37,animals\pig,"steps\Animals\Grass,steps\Animals\Earth,steps\Animals\Stone,steps\Animals\Sand,steps\Animals\Stone,steps\Animals\Grass,steps\Animals\Water,steps\Animals\Earth,steps,steps\Animals\Snow,steps\Animals\Snow,steps\Animals\Grass,steps\Animals\Snow,steps\Human\Dirt,steps\Animals\Dirt,steps\Animals\Stone",1.0,1.0,1.0,1.0,1.0,1.0,20.0,100.0,1.0,1.0,1.0,1.0,1.0,1.0,1.0,1.0,1.0,16.0,3.0,Leather,0.0,0.5,56.0,156.0,32.0,16.0
,Rat,52.0,0.001,0.1,0.0,1.0,180.0,0.403333,0.133333,0.266667,0.133333,0.4,1.0,1.0,1.0,0.0,0.0,0.0,0.0,0.0,0.0,skull,0.0,1.0,1.01,torso,4.0,3.0,1.01,leg,1943615592.0,1.0,0.51,leg,1943608137.0,1.0,0.51,leg,0.0,2.0,0.51,leg,0.0,2.0,0.51,unanwira,Rat00,,-0.06,animals\rat,"steps,steps,steps,steps,steps,steps,steps,steps,steps,steps,steps,steps,steps,steps,steps,steps",1.0,1.0,1.0,1.0,1.0,1.0,100.0,100.0,1.0,1.0,1.0,1.0,1.0,1.0,1.0,1.0,1.0,23.0,3.0,Leather,0.0,0.5,56.0,156.0,32.0,16.0
,Scrab,52.0,0.001,0.1,0.0,1.0,180.0,0.9088,0.156667,0.266667,0.133333,0.4,5.0,5.0,1.0,0.0,0.0,0.0,0.0,0.0,0.0,skull,0.0,1.0,1.01,torso,4.0,3.0,1.01,leg,1943615592.0,1.0,0.51,leg,1943608137.0,1.0,0.51,leg,0.0,2.0,0.51,leg,0.0,2.0,0.51,unanwicr,"Crab00,Crab01,Crab02",,0.0,animals\Scrab,"steps\Default,steps\Default,steps\Default,steps\Default,steps\Default,steps\Default,steps\Default,steps\Default,steps,steps\Default,steps\Default,steps\Default,steps\Default,steps\Default,steps\Default,steps\Default",1.0,1.0,1.0,1.0,1.0,1.0,15.0,100.0,1.0,1.0,1.0,1.0,1.0,1.0,1.0,1.0,1.0,14.0,3.0,Leather,0.0,0.5,56.0,156.0,32.0,16.0
,Shadow,51.0,0.001,0.2,0.0,2.0,180.0,0.266667,0.129467,0.266667,0.133333,0.4,3.0,1.0,0.0,0.0,0.0,0.0,1.0,0.0,0.0,skull,0.0,1.0,1.01,torso,4.0,3.0,1.01,arm,1943615592.0,1.0,0.34,arm,1943608137.0,1.0,0.34,leg,0.0,2.0,0.67,leg,0.0,2.0,0.67,unmosh,Shadow00,,0.0,monsters\Shadow,"steps,steps,steps,steps,steps,steps,steps,steps,steps,steps,steps,steps,steps,steps,steps,steps",1.0,1.0,1.0,1.0,1.0,1.0,100.0,100.0,1.0,1.0,1.0,1.0,3.0,1.0,1.0,0.0,1.0,-1.0,0.0,Leather,0.0,1.0,56.0,156.0,32.0,16.0
,Skeleton,51.0,0.0,0.1,0.0,1.0,180.0,0.754533,0.1932,0.266667,0.133333,0.4,5.0,5.0,0.0,0.0,1.0,0.0,0.0,0.0,0.0,skull,0.0,1.0,1.01,torso,4.0,3.0,1.01,arm,1943615592.0,1.0,0.34,arm,1943608137.0,1.0,0.34,leg,0.0,2.0,0.67,leg,0.0,2.0,0.67,unmosk,"Skeleton00,Skeleton01",,0.0,monsters\Skeleton,"steps\Human\Grass,steps\Human\Earth,steps\Human\Stone,steps\Human\Sand,steps\Human\Stone,steps\Human\Grass,steps\Human\Water,steps\Human\Earth,steps,steps\Human\Snow,steps\Human\Snow,steps\Human\Grass,steps\Human\Snow,steps\Human\Dirt,steps\Human\Dirt,steps\Human\Stone",1.0,1.0,1.0,1.0,1.0,1.0,100.0,100.0,1.2,1.0,1.0,1.0,1.0,2.0,1.0,8.0,1.0,3.0,3.0,Leather,0.0,1.0,56.0,156.0,32.0,16.0
,Spider,51.0,0.001,0.3,0.0,1.0,180.0,0.5068,0.133333,0.133333,0.133333,0.4,0.0,0.0,1.0,0.0,0.0,0.0,0.0,0.0,0.0,skull,0.0,1.0,1.01,torso,4.0,3.0,1.01,none,1943615592.0,0.0,0.34,none,1943608137.0,0.0,0.34,none,0.0,0.0,0.67,none,0.0,0.0,0.67,unmosp,Spider00,,0.0,monsters\Spider,"steps\Default,steps\Default,steps\Default,steps\Default,steps\Default,steps\Default,steps\Default,steps\Default,steps,steps\Default,steps\Default,steps\Default,steps\Default,steps\Default,steps\Default,steps\Default",1.0,1.0,1.0,1.0,1.0,1.0,100.0,100.0,1.0,1.0,1.0,3.0,3.0,1.0,1.0,2.0,1.0,-1.0,4.0,Leather,0.0,0.5,56.0,156.0,32.0,16.0
,Succub,51.0,0.001,0.1,4.0,2.0,180.0,0.548533,0.548533,0.133333,0.133333,0.4,0.0,0.0,0.0,1.0,0.0,0.0,0.0,0.0,0.0,skull,0.0,1.0,1.01,torso,4.0,3.0,1.01,arm,1943615592.0,1.0,0.34,arm,1943608137.0,1.0,0.34,leg,0.0,2.0,0.67,leg,0.0,2.0,0.67,unmosu,"Succubus00,Succubus01,Succubus02",,0.0,monsters\Succubus,"steps\Succubus,steps\Succubus,steps\Succubus,steps\Succubus,steps\Succubus,steps\Succubus,steps\Succubus,steps\Succubus,steps,steps\Succubus,steps\Succubus,steps\Succubus,steps\Succubus,steps\Succubus,steps\Succubus,steps\Succubus",1.0,1.0,1.0,1.0,1.0,1.0,100.0,100.0,1.0,1.0,1.0,2.0,1.0,1.0,1.0,1.0,1.0,-1.0,0.0,Leather,0.0,1.0,56.0,156.0,32.0,16.0
,Succub_lightning,51.0,0.001,0.1,4.0,2.0,180.0,0.548533,0.548533,0.133333,0.133333,0.4,0.0,0.0,0.0,1.0,0.0,0.0,0.0,0.0,0.0,skull,0.0,1.0,1.01,torso,4.0,3.0,1.01,arm,1943615592.0,1.0,0.34,arm,1943608137.0,1.0,0.34,leg,0.0,2.0,0.67,leg,0.0,2.0,0.67,unmosu,"Succubus00,Succubus01,Succubus02",,0.0,monsters\Succubus,"steps\Succubus,steps\Succubus,steps\Succubus,steps\Succubus,steps\Succubus,steps\Succubus,steps\Succubus,steps\Succubus,steps,steps\Succubus,steps\Succubus,steps\Succubus,steps\Succubus,steps\Succubus,steps\Succubus,steps\Succubus",1.0,1.0,1.0,1.0,1.0,1.0,100.0,100.0,1.0,1.0,1.0,1.0,1.0,2.0,1.0,1.0,1.0,-1.0,0.0,Leather,0.0,1.0,56.0,156.0,32.0,16.0
,Succub_acid,51.0,0.001,0.1,4.0,2.0,180.0,0.548533,0.548533,0.133333,0.133333,0.4,0.0,0.0,0.0,1.0,0.0,0.0,0.0,0.0,0.0,skull,0.0,1.0,1.01,torso,4.0,3.0,1.01,arm,1943615592.0,1.0,0.34,arm,1943608137.0,1.0,0.34,leg,0.0,2.0,0.67,leg,0.0,2.0,0.67,unmosu,"Succubus00,Succubus01,Succubus02",,0.0,monsters\Succubus,"steps\Succubus,steps\Succubus,steps\Succubus,steps\Succubus,steps\Succubus,steps\Succubus,steps\Succubus,steps\Succubus,steps,steps\Succubus,steps\Succubus,steps\Succubus,steps\Succubus,steps\Succubus,steps\Succubus,steps\Succubus",1.0,1.0,1.0,1.0,1.0,1.0,100.0,100.0,1.0,1.0,1.0,1.0,2.0,1.0,1.0,1.0,1.0,-1.0,0.0,Leather,0.0,1.0,56.0,156.0,32.0,16.0
,Tiger,52.0,0.001,0.05,0.0,1.0,180.0,0.725333,0.042667,0.266667,0.2,0.4,1.0,1.0,0.0,1.0,0.0,0.0,0.0,0.0,0.0,skull,0.0,1.0,1.01,torso,4.0,3.0,1.01,leg,1943615592.0,1.0,0.34,leg,1943608137.0,1.0,0.34,leg,0.0,2.0,0.67,leg,0.0,2.0,0.67,unanwiti,"Tiger00,Tiger01",,-0.47,animals\Tiger,"steps\Animals\Grass,steps\Animals\Earth,steps\Animals\Stone,steps\Animals\Sand,steps\Animals\Stone,steps\Animals\Grass,steps\Animals\Water,steps\Animals\Earth,steps,steps\Animals\Snow,steps\Animals\Snow,steps\Animals\Grass,steps\Animals\Snow,steps\Human\Dirt,steps\Animals\Dirt,steps\Animals\Stone",1.0,1.0,1.0,1.0,1.0,1.0,10.0,100.0,1.0,1.0,1.0,1.0,1.0,1.0,1.0,1.0,1.0,21.0,4.0,Leather,0.0,0.5,56.0,156.0,32.0,16.0
,Toad,51.0,0.001,0.1,0.0,1.0,180.0,0.9664,0.246133,0.266667,0.133333,0.4,1.0,1.0,0.0,0.0,0.0,0.0,1.0,0.0,0.0,skull,0.0,1.0,1.01,torso,4.0,3.0,1.01,leg,1943615592.0,1.0,0.51,leg,1943608137.0,1.0,0.51,leg,0.0,2.0,0.51,leg,0.0,2.0,0.51,unmoto,Toad00,,-0.375,monsters\Toad,"steps\Toad,steps\Toad,steps\Toad,steps\Toad,steps\Toad,steps\Toad,steps\Toad,steps\Toad,steps,steps\Toad,steps\Toad,steps\Toad,steps\Toad,steps\Toad,steps\Toad,steps\Toad",1.0,1.0,1.0,1.0,1.0,1.0,10.0,100.0,1.0,1.0,1.0,1.0,2.0,1.0,1.0,2.0,0.0,8.0,4.0,Leather,0.0,0.5,56.0,156.0,32.0,16.0
,Troll,51.0,0.02,0.05,3.0,1.0,180.0,0.347333,0.347333,0.266667,0.2,0.4,7.0,7.0,0.0,0.0,1.0,0.0,0.0,0.0,0.0,skull,0.0,1.0,1.01,torso,4.0,3.0,1.01,arm,1943615592.0,1.0,0.34,arm,1943608137.0,1.0,0.34,leg,0.0,2.0,0.67,leg,0.0,2.0,0.67,unmotr,"Troll00,Troll01",,0.0,monsters\troll,"steps\Troll,steps\Troll,steps\Troll,steps\Troll,steps\Troll,steps\Troll,steps\Troll,steps\Troll,steps,steps\Troll,steps\Troll,steps\Troll,steps\Troll,steps\Troll,steps\Troll,steps\Troll",1.0,1.0,1.0,1.0,1.0,1.0,10.0,100.0,3.0,1.0,1.0,1.0,2.0,1.0,1.0,1.0,1.0,4.0,2.0,Leather,1.0,1.0,56.0,156.0,32.0,16.0
,Troll Slow,51.0,0.02,0.05,3.0,1.0,180.0,0.133333,0.133333,0.266667,0.2,0.4,7.0,7.0,0.0,0.0,1.0,0.0,0.0,0.0,0.0,skull,0.0,1.0,1.01,torso,4.0,3.0,1.01,arm,1943615592.0,1.0,0.34,arm,1943608137.0,1.0,0.34,leg,0.0,2.0,0.67,leg,0.0,2.0,0.67,unmotr,Troll02,,0.0,monsters\troll,"steps\Troll,steps\Troll,steps\Troll,steps\Troll,steps\Troll,steps\Troll,steps\Troll,steps\Troll,steps,steps\Troll,steps\Troll,steps\Troll,steps\Troll,steps\Troll,steps\Troll,steps\Troll",1.0,1.0,1.0,1.0,1.0,1.0,10.0,100.0,3.0,1.0,1.0,1.0,2.0,1.0,1.0,1.0,1.0,4.0,2.0,Leather,1.0,1.0,56.0,156.0,32.0,16.0
,Unicorn,51.0,0.001,0.1,0.0,1.0,180.0,0.6168,0.149867,0.266667,0.133333,0.4,1.0,1.0,0.0,0.0,0.0,0.0,0.0,1.0,0.0,skull,0.0,1.0,1.01,torso,4.0,3.0,1.01,leg,1943615592.0,1.0,0.51,leg,1943608137.0,1.0,0.51,leg,0.0,2.0,0.51,leg,0.0,2.0,0.51,unmoun,"Unicorn00,Unicorn01",,-0.573,monsters\Unikorn,"steps\Horse\Grass,steps\Horse\Grass,steps\Horse\Stone,steps\Horse\Sand,steps\Horse\Stone,steps\Horse\Grass,steps\Human\Water,steps\Horse\Grass,steps,steps\Horse\Snow,steps\Horse\Snow,steps\Horse\Grass,steps\Human\Snow,steps\Human\Dirt,steps\Human\Dirt,steps\Horse\Stone",1.0,1.0,1.0,1.0,1.0,1.0,100.0,100.0,1.0,1.0,1.0,1.0,1.0,2.0,1.0,3.0,1.0,12.0,4.0,Leather,0.0,1.0,56.0,156.0,32.0,16.0
,Willowisp,51.0,0.0,0.15,0.0,2.0,180.0,0.266667,0.266667,0.133333,0.133333,0.4,0.0,0.0,0.0,0.0,0.0,1.0,0.0,0.0,0.0,skull,0.0,0.0,1.01,torso,4.0,1.0,1.01,none,1943615592.0,0.0,0.34,none,1943608137.0,0.0,0.34,none,0.0,0.0,0.67,none,0.0,0.0,0.67,unmowi,Willowisp00,,0.0,monsters\Willowisp,"steps,steps,steps,steps,steps,steps,steps,steps,steps,steps,steps,steps,steps,steps,steps,steps",1.0,1.0,1.0,1.0,1.0,1.0,100.0,100.0,1.2,1.1,1.0,1.0,1.0,1.0,1.0,6.0,1.0,-1.0,0.0,Leather,0.0,1.0,56.0,156.0,32.0,16.0
,Wolf,52.0,0.001,0.1,0.0,1.0,180.0,0.620133,0.113867,0.266667,0.2,0.5,1.0,1.0,1.0,0.0,0.0,0.0,0.0,0.0,0.0,skull,0.0,1.0,1.01,torso,4.0,3.0,1.01,leg,1943615592.0,1.0,0.51,leg,1943608137.0,1.0,0.51,leg,0.0,2.0,0.51,leg,0.0,2.0,0.51,unanwiwo,"Wolf00,Wolf01",,-0.37,animals\wolf,"steps\Animals\Grass,steps\Animals\Earth,steps\Animals\Stone,steps\Animals\Sand,steps\Animals\Stone,steps\Animals\Grass,steps\Animals\Water,steps\Animals\Earth,steps,steps\Animals\Snow,steps\Animals\Snow,steps\Animals\Grass,steps\Animals\Snow,steps\Human\Dirt,steps\Animals\Dirt,steps\Animals\Stone",1.0,1.0,1.0,1.0,1.0,1.0,5.0,100.0,1.0,1.0,1.0,1.0,1.0,1.0,1.0,1.0,1.0,20.0,4.0,Leather,0.0,0.5,56.0,156.0,32.0,16.0
,Zombie Female,51.0,0.0,0.1,0.0,1.0,180.0,0.3744,0.0784,0.133333,0.133333,0.4,0.0,0.0,0.0,0.0,1.0,0.0,0.0,0.0,0.0,skull,0.0,1.0,1.01,torso,4.0,3.0,1.01,arm,1943615592.0,1.0,0.34,arm,1943608137.0,1.0,0.34,leg,0.0,2.0,0.67,leg,0.0,2.0,0.67,unmozo1,ZombieFemale00,,0.0,monsters\Zombie\Female,"steps\Human\Grass,steps\Human\Earth,steps\Human\Stone,steps\Human\Sand,steps\Human\Stone,steps\Human\Grass,steps\Human\Water,steps\Human\Earth,steps,steps\Human\Snow,steps\Human\Snow,steps\Human\Grass,steps\Human\Snow,steps\Human\Dirt,steps\Human\Dirt,steps\Human\Stone",1.0,1.0,1.0,1.0,1.0,1.0,100.0,100.0,1.0,1.0,2.0,1.0,1.0,2.0,1.0,2.0,1.0,11.0,3.0,Leather,0.0,1.0,56.0,156.0,32.0,16.0
,Zombie Male,51.0,0.0,0.1,0.0,1.0,180.0,0.308533,0.0784,0.133333,0.133333,0.4,0.0,0.0,0.0,0.0,1.0,0.0,0.0,0.0,0.0,skull,0.0,1.0,1.01,torso,4.0,3.0,1.01,arm,1943615592.0,1.0,0.34,arm,1943608137.0,1.0,0.34,leg,0.0,2.0,0.67,leg,0.0,2.0,0.67,unmozo0,ZombieMale00,,0.0,monsters\Zombie\Male,"steps\Human\Grass,steps\Human\Earth,steps\Human\Stone,steps\Human\Sand,steps\Human\Stone,steps\Human\Grass,steps\Human\Water,steps\Human\Earth,steps,steps\Human\Snow,steps\Human\Snow,steps\Human\Grass,steps\Human\Snow,steps\Human\Dirt,steps\Human\Dirt,steps\Human\Stone",1.0,1.0,1.0,1.0,1.0,1.0,100.0,100.0,1.0,1.0,2.0,1.0,1.0,2.0,1.0,2.0,1.0,11.0,3.0,Leather,0.0,1.0,56.0,156.0,32.0,16.0
,Rick,51.0,0.0,0.1,1.0,1.0,180.0,0.133333,0.1324,0.188933,0.115733,0.4,3.0,1.0,0.0,0.0,1.0,0.0,0.0,0.0,0.0,skull,0.0,1.0,1.01,torso,4.0,3.0,1.01,arm,1943615592.0,1.0,0.34,arm,1943608137.0,1.0,0.34,leg,0.0,2.0,0.67,leg,0.0,2.0,0.67,unmori,Rick,,0.0,heroes\human\male,"steps\Human\Grass,steps\Human\Earth,steps\Human\Stone,steps\Human\Sand,steps\Human\Stone,steps\Human\Grass,steps\Human\Water,steps\Human\Earth,steps,steps\Human\Snow,steps\Human\Snow,steps\Human\Grass,steps\Human\Snow,steps\Human\Dirt,steps\Human\Dirt,steps\Human\Stone",1.0,1.0,1.0,1.0,1.0,1.0,100.0,100.0,1.0,1.0,1.0,1.0,1.0,1.0,1.0,1.0,1.0,-1.0,3.0,Leather,0.0,1.0,74.0,40.0,32.0,16.0
,OgreHadagan,51.0,0.01,0.05,2.0,1.0,180.0,1.12067,0.239467,0.266667,0.2,0.4,6.0,6.0,0.0,0.0,1.0,0.0,0.0,0.0,0.0,skull,0.0,1.0,1.01,torso,4.0,3.0,1.01,arm,1943615592.0,1.0,0.34,arm,1943608137.0,1.0,0.34,leg,0.0,2.0,0.67,leg,0.0,2.0,0.67,unmoog2,Ogre02,,0.0,monsters\Ogre,"steps\Monster,steps\Monster,steps\Monster,steps\Monster,steps\Monster,steps\Monster,steps\Monster,steps\Monster,steps,steps\Monster,steps\Monster,steps\Monster,steps\Monster,steps\Monster,steps\Monster,steps\Monster",1.0,1.0,1.0,1.0,1.0,1.0,15.0,100.0,3.0,1.0,1.0,1.0,1.0,1.0,1.0,1.0,1.0,-1.0,3.0,Leather,0.0,1.0,56.0,156.0,32.0,16.0
,Column,51.0,0.005,0.1,0.0,1.0,180.0,0.0,0.0,0.0,0.0,0.4,1.0,1.0,0.0,0.0,0.0,0.0,0.0,0.0,0.0,skull,0.0,1.0,1.01,torso,4.0,3.0,1.01,leg,1943615592.0,1.0,0.51,leg,1943608137.0,1.0,0.51,leg,0.0,2.0,0.51,leg,0.0,2.0,0.51,unmoco2,MainMenu00,mainMenu00labels,0.0,,"steps,steps,steps,steps,steps,steps,steps,steps,steps,steps,steps,steps,steps,steps,steps,steps",1.0,1.0,1.0,1.0,1.0,1.0,100.0,100.0,1.0,1.0,1.0,1.0,1.0,1.0,1.0,4.0,0.0,0.0,4.0,Stone,0.0,1.0,56.0,156.0,32.0,16.0
